{
  "decay_function_scores": {
    "step": 1.0,
    "exponential": 1.0,
    "linear": 1.0
  },
  "best_decay_function": "linear",
  "decay_accuracy": 0.767148566828545,
  "recency_weighted_mrr": 0.9882773336852402,
  "freshness_precision_at": {
    "10": 1.0,
    "20": 1.0,
    "1": 1.0,
    "5": 1.0
  },
  "adaptive_half_life_results": {
    "scaling_points": [
      {
        "corpus_size": 500,
        "fixed_accuracy": 0.7614833873880487,
        "adaptive_accuracy": 0.5100670029632969,
        "fixed_half_life_hours": 24.0,
        "adaptive_half_life_hours": 7.58946638440411
      },
      {
        "corpus_size": 1000,
        "fixed_accuracy": 0.7681504669393553,
        "adaptive_accuracy": 0.595539876123977,
        "fixed_half_life_hours": 24.0,
        "adaptive_half_life_hours": 10.73312629199899
      },
      {
        "corpus_size": 2000,
        "fixed_accuracy": 0.7744956105399501,
        "adaptive_accuracy": 0.6763073952972061,
        "fixed_half_life_hours": 24.0,
        "adaptive_half_life_hours": 15.17893276880822
      },
      {
        "corpus_size": 5000,
        "fixed_accuracy": 0.7699943851610537,
        "adaptive_accuracy": 0.7699943851610537,
        "fixed_half_life_hours": 24.0,
        "adaptive_half_life_hours": 24.0
      }
    ],
    "maintains_threshold": false
  },
  "time_window_results": {
    "last_24h_precision": 0.0,
    "last_24h_recall": 0.0,
    "last_7d_precision": 0.8038277511961722,
    "last_7d_recall": 0.8038277511961722
  },
  "timing_ms": 782
}