{
  "silhouette_validation": {
    "hourly_variance": 0.14575355555555553,
    "daily_variance": 0.05100524999999999,
    "is_valid": true
  },
  "hourly_pattern_f1": 0.8571428571428571,
  "weekly_pattern_f1": 1.0,
  "hourly_silhouette_scores": [
    0.14400000000000002,
    0.168,
    0.10800000000000001,
    0.138,
    0.14400000000000002,
    0.15000000000000002,
    0.10200000000000001,
    0.114,
    0.09000000000000001,
    0.81,
    1.0,
    1.0,
    0.8340000000000001,
    0.18000000000000002,
    0.9540000000000001,
    1.0,
    1.0,
    0.756,
    0.10800000000000001,
    0.114,
    0.054000000000000006,
    0.066,
    0.078,
    0.168
  ],
  "daily_silhouette_scores": [
    0.13824999999999998,
    0.637,
    0.693,
    0.6527499999999999,
    0.60375,
    0.623,
    0.15225
  ],
  "overall_periodic_score": 0.7,
  "timing_ms": 409
}